id;user_id;title;video_url;created_at
5c844317-a982-45e7-9112-2a3e3bd46645;ee8f97e7-aed4-4793-b8f2-93b80f69985c;trim;meadow restfully;2025-04-21T18:16:27
4cff297f-e0c2-4a32-bb87-75c4a932ea24;32c6919a-0ab6-4362-93dc-ba1f97b350f3;murky ah yippee;meanwhile;2025-04-21T18:47:34
d523f3c7-343f-4bd3-8f01-852ccca1df55;2ede299b-56fe-4eb3-8ad1-644df51debe6;bemuse vice;apprehensive;2025-04-22T03:58:32
842daac5-2192-45f0-b797-d727a1876fcb;2277f42d-b0a0-4ebe-8a01-f5b4d1abd426;overreact;finally than;2025-04-21T15:30:23
9df9a3af-2504-42aa-b4ed-665e73a4ce32;41a650ec-38a7-4bce-a4fc-13951ed25cbc;before coop;thread incidentally;2025-04-22T00:57:15
15c2cf74-710f-44c2-8b82-712bcd2197a0;55330efd-e8d9-4c26-95f1-79c799962277;prejudge perfumed rebuke;whose obscure critical;2025-04-22T02:30:53
6d215975-6ca6-49c7-9150-ca068c9ac11b;2e1d2290-fe7f-439d-94af-7bb6d0c4ddf4;anticodon ouch;boo;2025-04-21T13:27:09
81c87113-9508-4f5c-b25d-9bae1e1859f9;d60a0acd-a5fc-4200-ad04-d97c2d5730a7;why;until only;2025-04-21T12:17:46
3328096d-531e-4720-88c9-f09b98b5c396;b350bd10-1aea-4f99-a10c-eed623b0f4a8;beneath;brr consequently whisper;2025-04-21T13:03:52
f3f12b98-fa05-4bf0-9346-0822d66c7e94;e66d1154-69f7-423a-bc12-54dcdcb05a14;sugary upright;scenario whose;2025-04-22T02:02:57
